{
  "project_info": {
    "project_number": "349065268033",
    "project_id": "taskzen-f7399",
    "storage_bucket": "taskzen-f7399.appspot.com"
  },
  "client": [
    {
      "client_info": {
        "mobilesdk_app_id": "1:349065268033:android:7e6db2e92db9cb3d31afc0",
        "android_client_info": {
          "package_name": "com.example.taskzen"
        }
      },
      "oauth_client": [
        {
          "client_id": "349065268033-fkabbjvsgtva0nti138if4a9788v33bc.apps.googleusercontent.com",
          "client_type": 3
        }
      ],
      "api_key": [
        {
          "current_key": "AIzaSyDFrVUhLIa6fuc-IQGJ11HXf4FapuHVnCA"
        }
      ],
      "services": {
        "appinvite_service": {
          "other_platform_oauth_client": [
            {
              "client_id": "349065268033-fkabbjvsgtva0nti138if4a9788v33bc.apps.googleusercontent.com",
              "client_type": 3
            }
          ]
        }
      }
    }
  ],
  "configuration_version": "1"
}